id,name,elements,hp,phy_atk,spe_atk,phy_def,spe_def,speed,sum_calculated,sum_api,sum_match,feature_name,skills_level,skills_machine,skills_blood,license,redistribution,verification_status
3001,喵喵,草系,65,66,66,49,91,33,370,346,NO,氧循环,16,17,18,UNKNOWN,REFERENCE_ONLY,unverified
3002,水蓝蓝,水系,75,35,76,56,79,51,372,361,NO,浸润,13,14,18,UNKNOWN,REFERENCE_ONLY,unverified
3003,火花,火系,70,84,37,56,43,78,368,382,NO,助燃,13,14,18,UNKNOWN,REFERENCE_ONLY,unverified
3004,迪莫,光系,120,80,80,105,105,92,582,410,NO,最好的伙伴,19,16,18,UNKNOWN,REFERENCE_ONLY,unverified
3005,水灵,水系,125,58,127,94,132,85,621,600,NO,浸润,13,14,18,UNKNOWN,REFERENCE_ONLY,unverified
3006,火神,火系,117,139,61,94,72,130,613,636,NO,助燃,13,14,18,UNKNOWN,REFERENCE_ONLY,unverified
3007,魔力猫,草系,108,109,109,81,151,55,613,577,NO,氧循环,16,17,18,UNKNOWN,REFERENCE_ONLY,unverified
3008,草头鸭,草系,92,79,24,66,50,92,403,458,NO,得寸进尺,14,17,18,UNKNOWN,REFERENCE_ONLY,unverified
3010,恶魔叮,恶系/翼系,90,100,42,80,56,84,452,436,NO,渴求,13,15,18,UNKNOWN,REFERENCE_ONLY,unverified
3011,恶魔狼,恶系,115,114,45,91,63,120,548,547,NO,悲悯,13,15,18,UNKNOWN,REFERENCE_ONLY,unverified
3012,鸭吉吉,普通系,136,95,35,55,45,105,471,485,NO,挺起胸脯,13,16,18,UNKNOWN,REFERENCE_ONLY,unverified
3013,铠甲虫,虫系,122,88,39,121,77,75,522,522,yes,坚韧铠甲,13,16,18,UNKNOWN,REFERENCE_ONLY,unverified
3014,阿米亚特,地系,64,95,47,67,42,45,360,382,NO,石头大餐,14,17,18,UNKNOWN,REFERENCE_ONLY,unverified
3015,阿米樱,地系,86,127,62,89,56,60,480,508,NO,石头大餐,14,17,18,UNKNOWN,REFERENCE_ONLY,unverified
3016,罗隐,地系/恶系,107,159,78,112,70,75,601,635,NO,石头大餐,14,17,18,UNKNOWN,REFERENCE_ONLY,unverified
3017,蹦蹦种子,草系/毒系,60,64,66,44,63,51,348,337,NO,生物碱,16,21,18,UNKNOWN,REFERENCE_ONLY,unverified
3018,蹦蹦草,草系/毒系,80,85,88,59,84,68,464,449,NO,生物碱,16,21,18,UNKNOWN,REFERENCE_ONLY,unverified
3019,蹦蹦花,草系/毒系,100,107,110,73,105,85,580,563,NO,生物碱,16,21,18,UNKNOWN,REFERENCE_ONLY,unverified
3020,地鼠,地系,66,71,31,72,51,66,357,353,NO,警惕,14,16,18,UNKNOWN,REFERENCE_ONLY,unverified
3021,遁鼠,地系,88,95,41,97,68,88,477,470,NO,警惕,14,16,18,UNKNOWN,REFERENCE_ONLY,unverified
3022,遁地鼠,地系,110,119,51,121,85,110,596,588,NO,警惕,14,16,18,UNKNOWN,REFERENCE_ONLY,unverified
3025,喵呜,草系,86,87,87,65,121,44,490,463,NO,氧循环,16,17,18,UNKNOWN,REFERENCE_ONLY,unverified
3026,绿草精灵,草系/幻系,87,39,96,92,118,72,504,72,NO,木桶戏法,13,16,18,UNKNOWN,REFERENCE_ONLY,unverified
3027,蒲公英娃娃,草系/萌系,111,123,117,129,97,65,642,582,NO,勇敢,15,20,18,UNKNOWN,REFERENCE_ONLY,unverified
3028,冬羽雀,翼系,72,103,44,86,59,92,456,453,NO,顺风,13,16,18,UNKNOWN,REFERENCE_ONLY,unverified
3029,奇丽草,草系,67,69,69,73,57,48,383,334,NO,养分重吸收,16,17,18,UNKNOWN,REFERENCE_ONLY,unverified
3030,奇丽叶,草系,90,92,92,97,76,64,511,443,NO,养分重吸收,16,17,18,UNKNOWN,REFERENCE_ONLY,unverified
3031,奇丽花,草系,112,115,115,121,95,80,638,554,NO,养分重吸收,16,17,18,UNKNOWN,REFERENCE_ONLY,unverified
3032,焰火,火系,93,111,49,75,58,104,490,510,NO,助燃,13,14,18,UNKNOWN,REFERENCE_ONLY,unverified
3033,波波拉,水系,100,46,102,75,106,68,497,480,NO,浸润,13,14,18,UNKNOWN,REFERENCE_ONLY,unverified
3034,蒲公英,草系/萌系,89,99,94,103,78,52,515,466,NO,勇敢,15,20,18,UNKNOWN,REFERENCE_ONLY,unverified
3035,魔草巫灵,草系/幻系,109,48,120,115,147,90,629,591,NO,木桶戏法,13,16,18,UNKNOWN,REFERENCE_ONLY,unverified
3036,鸭吉吉,普通系,136,35,95,45,55,105,471,485,NO,挺起胸脯,13,16,18,UNKNOWN,REFERENCE_ONLY,unverified
3037,岚鸟,翼系,90,128,55,108,74,115,570,565,NO,顺风,13,16,18,UNKNOWN,REFERENCE_ONLY,unverified
3038,小甲虫,虫系,98,71,31,97,61,60,418,417,NO,坚韧铠甲,13,16,18,UNKNOWN,REFERENCE_ONLY,unverified
3039,叮叮恶魔,恶系/翼系,117,125,53,103,73,105,576,544,NO,渴求,13,15,18,UNKNOWN,REFERENCE_ONLY,unverified
3040,丢丢,草系,44,45,12,49,40,78,268,319,NO,诈死,13,14,18,UNKNOWN,REFERENCE_ONLY,unverified
3041,卡卡虫,草系,59,60,16,65,53,104,357,426,NO,诈死,13,14,18,UNKNOWN,REFERENCE_ONLY,unverified
3042,卡瓦重,草系,74,75,20,81,67,130,447,533,NO,诈死,13,14,18,UNKNOWN,REFERENCE_ONLY,unverified
3043,伊贝儿,草系,94,73,72,88,88,72,487,446,NO,腐植循环,15,19,18,UNKNOWN,REFERENCE_ONLY,unverified
3044,伊贝粉粉,草系,117,91,89,110,110,90,607,557,NO,腐植循环,15,19,18,UNKNOWN,REFERENCE_ONLY,unverified
3045,锥尾羊,幽系,67,66,29,72,49,66,349,331,NO,碰瓷,13,14,18,UNKNOWN,REFERENCE_ONLY,unverified
3046,铃兰羊,幽系,89,89,39,96,65,88,466,442,NO,碰瓷,13,14,18,UNKNOWN,REFERENCE_ONLY,unverified
3047,花影羚羊,幽系/恶系,112,111,48,120,81,110,582,552,NO,碰瓷,13,14,18,UNKNOWN,REFERENCE_ONLY,unverified
3049,白发懒人,普通系,94,100,42,86,70,45,437,430,NO,慢热型,14,16,18,UNKNOWN,REFERENCE_ONLY,unverified
3050,记忆石,地系,112,108,97,141,79,70,607,509,NO,不移,15,15,18,UNKNOWN,REFERENCE_ONLY,unverified
3055,板板壳,水系,67,28,72,64,81,45,357,354,NO,缩壳,13,14,18,UNKNOWN,REFERENCE_ONLY,unverified
3056,咔咔壳,水系,90,37,96,85,107,60,475,472,NO,缩壳,13,14,18,UNKNOWN,REFERENCE_ONLY,unverified
3057,水泡壳,水系,112,46,120,107,134,75,594,591,NO,缩壳,13,14,18,UNKNOWN,REFERENCE_ONLY,unverified
3058,一窝蜂,虫系/翼系,87,32,29,27,27,26,228,197,NO,虫群鼓舞,16,17,18,UNKNOWN,REFERENCE_ONLY,unverified
3059,黄蜂后,虫系/翼系,116,43,39,36,36,35,305,263,NO,虫群鼓舞,16,17,18,UNKNOWN,REFERENCE_ONLY,unverified
3060,小灵面,幽系,55,30,72,59,81,69,366,379,NO,惊吓,13,17,18,UNKNOWN,REFERENCE_ONLY,unverified
3061,暗影灵面,幽系,74,40,96,78,108,92,488,506,NO,惊吓,13,17,18,UNKNOWN,REFERENCE_ONLY,unverified
3062,小独角兽,光系,79,48,129,62,74,84,476,483,NO,目空,13,18,18,UNKNOWN,REFERENCE_ONLY,unverified
3063,白金独角兽,光系,99,61,161,77,92,105,595,604,NO,目空,13,18,18,UNKNOWN,REFERENCE_ONLY,unverified
3064,幽影树,幽系/草系,111,96,96,65,123,80,571,568,NO,小偷小摸,15,17,18,UNKNOWN,REFERENCE_ONLY,unverified
3065,忽幽狸,幽系/毒系,78,87,84,84,56,104,493,488,NO,下黑手,15,18,18,UNKNOWN,REFERENCE_ONLY,unverified
3066,影狸,幽系/毒系,97,109,105,105,70,130,616,612,NO,下黑手,15,18,18,UNKNOWN,REFERENCE_ONLY,unverified
3067,卷毛鸭,草系/武系,116,98,29,83,63,115,504,573,NO,得寸进尺,14,17,18,UNKNOWN,REFERENCE_ONLY,unverified
3069,锤头鹳,翼系/水系,128,77,75,101,81,105,567,535,NO,快锤,15,17,18,UNKNOWN,REFERENCE_ONLY,unverified
3070,护主犬,火系,68,103,37,81,66,96,451,473,NO,专注力,13,13,18,UNKNOWN,REFERENCE_ONLY,unverified
3071,音速犬,火系,85,128,46,101,82,120,562,589,NO,专注力,13,13,18,UNKNOWN,REFERENCE_ONLY,unverified
3072,格兰种子,草系,65,31,74,48,67,36,321,348,NO,生长,12,17,18,UNKNOWN,REFERENCE_ONLY,unverified
3073,格兰花,草系,86,42,99,64,90,48,429,464,NO,生长,12,17,18,UNKNOWN,REFERENCE_ONLY,unverified
3074,格兰球,草系,108,52,124,80,112,60,536,582,NO,生长,12,17,18,UNKNOWN,REFERENCE_ONLY,unverified
3075,灵狐,火系/冰系,69,52,52,50,64,60,347,357,NO,灵魂灼伤,15,17,18,UNKNOWN,REFERENCE_ONLY,unverified
3076,九尾狐,火系/冰系,92,70,70,67,86,80,465,475,NO,灵魂灼伤,15,17,18,UNKNOWN,REFERENCE_ONLY,unverified
3077,尖嘴狐仙,火系/冰系,115,87,87,84,107,100,580,594,NO,灵魂灼伤,15,17,18,UNKNOWN,REFERENCE_ONLY,unverified
3078,烈钻鸟,火系/翼系,56,49,60,43,73,72,353,369,NO,不死鸟,15,17,18,UNKNOWN,REFERENCE_ONLY,unverified
3079,长尾火鸟,火系/翼系,75,65,80,58,97,96,471,492,NO,不死鸟,15,17,18,UNKNOWN,REFERENCE_ONLY,unverified
3080,火羽,火系/翼系,94,82,100,72,121,120,589,614,NO,不死鸟,15,17,18,UNKNOWN,REFERENCE_ONLY,unverified
3081,治愈兔,火系/萌系,67,28,73,60,76,54,358,330,NO,仁心,13,19,18,UNKNOWN,REFERENCE_ONLY,unverified
3082,红丝绒,火系/萌系,90,38,98,80,101,72,479,439,NO,仁心,13,19,18,UNKNOWN,REFERENCE_ONLY,unverified
3083,可爱猿,火系,100,97,43,86,67,36,429,410,NO,散热,13,17,18,UNKNOWN,REFERENCE_ONLY,unverified
3084,炽热猿,火系,133,130,57,115,89,48,572,547,NO,散热,13,17,18,UNKNOWN,REFERENCE_ONLY,unverified
3085,火焰猿,火系,167,162,72,143,111,60,715,683,NO,散热,13,17,18,UNKNOWN,REFERENCE_ONLY,unverified
3086,可立鸡,火系,67,72,72,61,52,66,390,374,NO,斗技,11,10,18,UNKNOWN,REFERENCE_ONLY,unverified
3087,晕晕鸡,火系,89,96,96,82,70,88,521,500,NO,斗技,11,10,18,UNKNOWN,REFERENCE_ONLY,unverified
3088,绅士鸡,火系/武系,112,120,120,102,87,110,651,624,NO,指挥家,17,17,18,UNKNOWN,REFERENCE_ONLY,unverified
3089,武者鸡,火系/武系,116,137,66,111,70,95,595,609,NO,斗技,14,15,18,UNKNOWN,REFERENCE_ONLY,unverified
3090,火尾瓦特,火系,63,70,29,81,56,39,338,337,NO,蒸汽膨胀,13,15,18,UNKNOWN,REFERENCE_ONLY,unverified
3091,火尾战士,火系,84,94,39,108,74,52,451,450,NO,蒸汽膨胀,13,15,18,UNKNOWN,REFERENCE_ONLY,unverified
3092,烈火守护,火系,105,117,49,135,93,65,564,561,NO,蒸汽膨胀,13,15,18,UNKNOWN,REFERENCE_ONLY,unverified
3093,呆小路,草系/萌系,52,60,64,68,79,57,380,332,NO,营养液泡,15,18,18,UNKNOWN,REFERENCE_ONLY,unverified
3094,舞动路路,草系/萌系,69,80,86,91,105,76,507,443,NO,营养液泡,15,18,18,UNKNOWN,REFERENCE_ONLY,unverified
3095,白发路路,草系/萌系,86,100,107,113,132,95,633,554,NO,营养液泡,15,18,18,UNKNOWN,REFERENCE_ONLY,unverified
3098,绿耳松鼠,普通系,69,50,47,67,52,48,333,346,NO,囤积,15,17,18,UNKNOWN,REFERENCE_ONLY,unverified
3099,抱枕松鼠,普通系,92,67,63,89,70,64,445,461,NO,囤积,15,17,18,UNKNOWN,REFERENCE_ONLY,unverified
3100,蹦床松鼠,普通系,114,84,79,111,87,80,555,576,NO,囤积,15,17,18,UNKNOWN,REFERENCE_ONLY,unverified
3101,动力猿,普通系/武系,125,134,56,114,94,60,583,573,NO,慢热型,14,16,18,UNKNOWN,REFERENCE_ONLY,unverified
3102,瞌睡王,普通系/武系,156,167,70,143,117,75,728,718,NO,慢热型,14,16,18,UNKNOWN,REFERENCE_ONLY,unverified
3103,布是石,地系,72,81,29,95,90,42,409,448,NO,地脉,15,14,18,UNKNOWN,REFERENCE_ONLY,unverified
3104,布是岩,地系,96,108,39,127,120,56,546,598,NO,地脉,15,14,18,UNKNOWN,REFERENCE_ONLY,unverified
3105,布克棱岩,地系,120,135,49,159,150,70,683,747,NO,地脉,15,14,18,UNKNOWN,REFERENCE_ONLY,unverified
3106,石肤蜥,地系,69,61,60,72,50,57,369,320,NO,刺肤,15,17,18,UNKNOWN,REFERENCE_ONLY,unverified
3107,石刺蜥,地系,92,81,80,96,67,76,492,427,NO,刺肤,15,17,18,UNKNOWN,REFERENCE_ONLY,unverified
3108,石冠王蜥,地系,115,101,100,120,84,95,615,532,NO,刺肤,15,17,18,UNKNOWN,REFERENCE_ONLY,unverified
3109,仪使者,地系/幻系,64,50,54,69,71,51,359,350,NO,观星,16,18,18,UNKNOWN,REFERENCE_ONLY,unverified
3110,仪式之星,地系/幻系,85,67,71,92,95,68,478,466,NO,观星,16,18,18,UNKNOWN,REFERENCE_ONLY,unverified
3111,仪式巨像,地系/幻系,106,84,89,115,119,85,598,581,NO,观星,16,18,18,UNKNOWN,REFERENCE_ONLY,unverified
3112,甜田螺,水系/萌系,68,67,70,54,80,54,393,308,NO,守护者,15,19,18,UNKNOWN,REFERENCE_ONLY,unverified
3113,壳乙螺,水系/萌系,91,89,94,72,107,72,525,411,NO,守护者,15,19,18,UNKNOWN,REFERENCE_ONLY,unverified
3114,卡洛儿,水系/萌系,114,112,117,90,134,90,657,515,NO,守护者,15,19,18,UNKNOWN,REFERENCE_ONLY,unverified
3115,风铃鲨,水系/翼系,54,59,59,63,63,75,373,278,NO,水翼推进,13,14,18,UNKNOWN,REFERENCE_ONLY,unverified
3116,蓝蝶鲨,水系/翼系,72,78,78,84,84,100,496,370,NO,水翼推进,13,14,18,UNKNOWN,REFERENCE_ONLY,unverified
3117,彩蝶鲨,水系/翼系,90,98,98,105,105,125,621,462,NO,水翼推进,13,14,18,UNKNOWN,REFERENCE_ONLY,unverified
3118,果冻,水系,81,26,81,75,78,96,437,507,NO,茶多酚,9,12,18,UNKNOWN,REFERENCE_ONLY,unverified
3119,翡翠水母,水系/毒系,108,30,68,75,109,76,466,501,NO,扩散侵蚀,13,13,18,UNKNOWN,REFERENCE_ONLY,unverified
3120,琉璃水母,水系/毒系,134,37,85,93,136,95,580,624,NO,扩散侵蚀,13,13,18,UNKNOWN,REFERENCE_ONLY,unverified
3121,大耳帽兜,冰系/萌系,78,62,59,39,78,54,370,358,NO,捉迷藏,16,16,18,UNKNOWN,REFERENCE_ONLY,unverified
3122,帽兜娃娃,冰系/萌系,104,83,78,52,104,72,493,476,NO,捉迷藏,16,16,18,UNKNOWN,REFERENCE_ONLY,unverified
3123,雪影娃娃,冰系/萌系,130,103,98,66,130,90,617,595,NO,捉迷藏,16,16,18,UNKNOWN,REFERENCE_ONLY,unverified
3124,脆筒甜甜,冰系,72,67,72,42,55,60,368,361,NO,加个雪球,16,19,18,UNKNOWN,REFERENCE_ONLY,unverified
3125,香草甜甜,冰系,96,90,95,56,74,80,491,482,NO,加个雪球,16,19,18,UNKNOWN,REFERENCE_ONLY,unverified
3126,圣代甜甜,冰系,119,112,119,70,92,100,612,602,NO,加个雪球,16,19,18,UNKNOWN,REFERENCE_ONLY,unverified
3127,小狮鹫,翼系,64,70,41,76,39,72,362,360,NO,乘风连击,13,16,18,UNKNOWN,REFERENCE_ONLY,unverified
3128,神圣狮鹫,翼系,85,93,55,102,52,96,483,481,NO,乘风连击,13,16,18,UNKNOWN,REFERENCE_ONLY,unverified
3129,皇家狮鹫,翼系,107,116,69,127,65,120,604,601,NO,乘风连击,13,16,18,UNKNOWN,REFERENCE_ONLY,unverified
3130,圆眼蜘蛛,虫系,55,53,53,55,55,66,337,361,NO,毒腺,15,16,18,UNKNOWN,REFERENCE_ONLY,unverified
3131,尖角蜘蛛,虫系/毒系,74,70,70,73,73,88,448,481,NO,毒腺,15,16,18,UNKNOWN,REFERENCE_ONLY,unverified
3132,芋香巨角蛛,虫系/毒系,92,88,88,91,91,110,560,601,NO,毒腺,15,16,18,UNKNOWN,REFERENCE_ONLY,unverified
3136,毛毛,虫系/萌系,32,28,28,40,40,60,228,271,NO,化茧,15,16,18,UNKNOWN,REFERENCE_ONLY,unverified
3137,爬爬,虫系/萌系,42,37,37,53,53,80,302,360,NO,化茧,15,16,18,UNKNOWN,REFERENCE_ONLY,unverified
3138,化蝶,虫系/萌系,53,46,46,66,66,100,377,450,NO,化茧,15,16,18,UNKNOWN,REFERENCE_ONLY,unverified
3139,小草虫,虫系/草系,73,40,43,50,57,60,323,331,NO,花精灵,15,18,18,UNKNOWN,REFERENCE_ONLY,unverified
3140,草衣虫,虫系/草系,97,53,57,67,75,80,429,442,NO,花精灵,15,18,18,UNKNOWN,REFERENCE_ONLY,unverified
3141,花衣蝶,虫系/草系,122,67,72,84,94,100,539,553,NO,花精灵,15,18,18,UNKNOWN,REFERENCE_ONLY,unverified
3142,小夜,恶系,60,69,63,62,51,69,374,322,NO,嫁祸,15,18,18,UNKNOWN,REFERENCE_ONLY,unverified
3143,紫夜,恶系,80,92,84,83,68,92,499,429,NO,嫁祸,15,18,18,UNKNOWN,REFERENCE_ONLY,unverified
3144,朔夜伊芙,恶系,100,115,105,104,85,115,624,537,NO,嫁祸,15,18,18,UNKNOWN,REFERENCE_ONLY,unverified
3145,小灵菇,幽系,67,59,59,62,82,45,374,343,NO,毒蘑菇,16,18,18,UNKNOWN,REFERENCE_ONLY,unverified
3146,幻灵菇,幽系/草系,89,79,79,83,109,60,499,458,NO,毒蘑菇,16,18,18,UNKNOWN,REFERENCE_ONLY,unverified
3147,幻影灵菇,幽系/草系,111,98,98,103,136,75,621,570,NO,毒蘑菇,16,18,18,UNKNOWN,REFERENCE_ONLY,unverified
3148,空空颅,幽系,70,7,37,54,64,48,280,316,NO,搜刮,13,17,18,UNKNOWN,REFERENCE_ONLY,unverified
3149,夜宿颅,幽系,94,9,49,72,85,64,373,422,NO,搜刮,13,17,18,UNKNOWN,REFERENCE_ONLY,unverified
3150,夜枭,幽系,117,10,61,90,106,80,464,529,NO,搜刮,13,17,18,UNKNOWN,REFERENCE_ONLY,unverified
3151,多多,毒系/地系,51,53,53,80,44,54,335,331,NO,毒牙,16,19,18,UNKNOWN,REFERENCE_ONLY,unverified
3152,多啦多,毒系/地系,68,70,70,107,59,72,446,441,NO,毒牙,16,19,18,UNKNOWN,REFERENCE_ONLY,unverified
3154,裘洛,毒系,44,56,50,39,48,75,312,367,NO,蚀刻,15,16,18,UNKNOWN,REFERENCE_ONLY,unverified
3155,裘力,毒系,59,74,67,52,64,100,416,488,NO,蚀刻,15,16,18,UNKNOWN,REFERENCE_ONLY,unverified
3156,裘卡,毒系,73,93,83,65,81,125,520,612,NO,蚀刻,15,16,18,UNKNOWN,REFERENCE_ONLY,unverified
3157,花魁蜂后,虫系/翼系,145,54,49,45,45,44,382,328,NO,虫群鼓舞,16,17,18,UNKNOWN,REFERENCE_ONLY,unverified
3161,春团,草系,48,51,57,65,57,63,341,369,NO,系统发育,15,19,18,UNKNOWN,REFERENCE_ONLY,unverified
3162,春兔,草系,63,68,76,87,77,84,455,493,NO,系统发育,15,19,18,UNKNOWN,REFERENCE_ONLY,unverified
3165,伏地兽,普通系,95,56,25,70,41,51,338,335,NO,壮胆,13,14,18,UNKNOWN,REFERENCE_ONLY,unverified
3166,贪食鼹,普通系,126,74,33,94,54,68,449,447,NO,壮胆,13,14,18,UNKNOWN,REFERENCE_ONLY,unverified
3167,巨噬针鼹,普通系,158,93,41,117,68,85,562,558,NO,壮胆,13,14,18,UNKNOWN,REFERENCE_ONLY,unverified
3170,石石,地系,76,79,79,101,56,76,467,433,NO,石天平,15,18,18,UNKNOWN,REFERENCE_ONLY,unverified
3171,巨灵石,地系/幽系,95,99,99,126,70,95,584,543,NO,石天平,15,18,18,UNKNOWN,REFERENCE_ONLY,unverified
3172,雪豆丁,冰系,97,104,47,83,62,36,429,406,NO,结晶水,13,17,18,UNKNOWN,REFERENCE_ONLY,unverified
3173,雪蛮人,冰系,130,139,63,111,83,48,574,541,NO,结晶水,13,17,18,UNKNOWN,REFERENCE_ONLY,unverified
3174,雪巨人,冰系,162,174,79,139,104,60,718,677,NO,结晶水,13,17,18,UNKNOWN,REFERENCE_ONLY,unverified
3175,咔咔羽毛,翼系/普通系,58,68,66,61,53,72,378,345,NO,咔咔冲刺,15,18,18,UNKNOWN,REFERENCE_ONLY,unverified
3176,咔咔雀,翼系/普通系,78,91,88,81,71,96,505,461,NO,咔咔冲刺,15,18,18,UNKNOWN,REFERENCE_ONLY,unverified
3177,咔咔鸟,翼系/普通系,97,114,110,101,89,120,631,574,NO,咔咔冲刺,15,18,18,UNKNOWN,REFERENCE_ONLY,unverified
3178,矮脚爬爬,虫系,80,118,109,86,71,92,556,5,NO,振奋虫心,14,17,18,UNKNOWN,REFERENCE_ONLY,unverified
3179,恶魔红钻,虫系/恶系,100,147,137,108,89,115,696,5,NO,振奋虫心,14,17,18,UNKNOWN,REFERENCE_ONLY,unverified
3180,小帕尔,恶系,78,76,34,79,52,60,379,300,NO,付给恶魔的赎价,13,15,18,UNKNOWN,REFERENCE_ONLY,unverified
3181,帕尔萨斯,恶系,104,102,46,105,70,80,507,400,NO,付给恶魔的赎价,13,15,18,UNKNOWN,REFERENCE_ONLY,unverified
3182,龙息帕尔,恶系,130,127,57,131,87,100,632,501,NO,付给恶魔的赎价,13,15,18,UNKNOWN,REFERENCE_ONLY,unverified
3183,瑰眼仔,恶系/虫系,67,59,60,59,71,57,373,352,NO,瞳中倒影,15,18,18,UNKNOWN,REFERENCE_ONLY,unverified
3184,耳翎瑰魅,恶系/虫系,89,78,80,79,95,76,497,470,NO,瞳中倒影,15,18,18,UNKNOWN,REFERENCE_ONLY,unverified
3185,邪眼巨魔,恶系/虫系,111,98,99,99,119,95,621,586,NO,瞳中倒影,15,18,18,UNKNOWN,REFERENCE_ONLY,unverified
3188,拉特,电系,67,80,80,62,78,100,467,466,NO,噼啪！,14,19,18,UNKNOWN,REFERENCE_ONLY,unverified
3189,酷拉,电系,83,100,100,78,97,125,583,584,NO,噼啪！,14,19,18,UNKNOWN,REFERENCE_ONLY,unverified
3190,电咩咩,电系,47,49,49,55,57,75,332,298,NO,快充,13,19,18,UNKNOWN,REFERENCE_ONLY,unverified
3191,粉咩咩,电系,62,66,66,73,76,100,443,398,NO,快充,13,19,18,UNKNOWN,REFERENCE_ONLY,unverified
3192,电球咩咩,电系,78,82,82,91,95,125,553,498,NO,快充,13,19,18,UNKNOWN,REFERENCE_ONLY,unverified
3193,小星光,电系,60,81,85,72,88,108,494,520,NO,电流刺激,15,17,18,UNKNOWN,REFERENCE_ONLY,unverified
3194,星光狮,电系,75,101,106,90,110,135,617,648,NO,电流刺激,15,17,18,UNKNOWN,REFERENCE_ONLY,unverified
3195,闪电环,电系,64,49,49,51,50,72,335,326,NO,防过载保护,16,17,18,UNKNOWN,REFERENCE_ONLY,unverified
3196,刺电环,电系,85,65,65,68,67,96,446,434,NO,防过载保护,16,17,18,UNKNOWN,REFERENCE_ONLY,unverified
3197,荆棘电环,电系,106,81,81,85,84,120,557,544,NO,防过载保护,16,17,18,UNKNOWN,REFERENCE_ONLY,unverified
3198,粉粉星,电系/幻系,93,54,102,57,101,88,495,502,NO,星地善良,13,15,18,UNKNOWN,REFERENCE_ONLY,unverified
3199,小皮球,电系/幻系,116,68,127,71,126,110,618,628,NO,星地善良,13,15,18,UNKNOWN,REFERENCE_ONLY,unverified
3200,机械方方,机械系,62,81,32,76,60,51,362,303,NO,盲拧,13,16,18,UNKNOWN,REFERENCE_ONLY,unverified
3201,多彩方方,机械系,82,108,43,101,80,68,482,405,NO,盲拧,13,16,18,UNKNOWN,REFERENCE_ONLY,unverified
3202,立方人,机械系,103,135,54,127,101,85,605,505,NO,盲拧,13,16,18,UNKNOWN,REFERENCE_ONLY,unverified
3203,贝瑟,机械系/火系,79,46,78,51,98,33,385,330,NO,贪心算法,13,16,18,UNKNOWN,REFERENCE_ONLY,unverified
3204,贝加尔,机械系/火系,105,61,104,68,130,44,512,442,NO,贪心算法,13,16,18,UNKNOWN,REFERENCE_ONLY,unverified
3205,贝古斯,机械系/火系,132,76,130,85,163,55,641,551,NO,贪心算法,13,16,18,UNKNOWN,REFERENCE_ONLY,unverified
3206,多西,机械系/地系,64,73,26,82,70,30,345,321,NO,定向精炼,13,16,18,UNKNOWN,REFERENCE_ONLY,unverified
3207,库多西,机械系/地系,85,98,34,109,93,40,459,427,NO,定向精炼,13,16,18,UNKNOWN,REFERENCE_ONLY,unverified
3208,波多西,机械系/地系,106,122,43,136,116,50,573,533,NO,定向精炼,13,16,18,UNKNOWN,REFERENCE_ONLY,unverified
3209,小翼龙,龙系/翼系,66,91,24,73,63,92,409,378,NO,暴食,13,15,18,UNKNOWN,REFERENCE_ONLY,unverified
3210,翼龙,龙系/翼系,83,114,31,91,79,115,513,471,NO,暴食,13,15,18,UNKNOWN,REFERENCE_ONLY,unverified
3211,伊雷龙,龙系,90,73,152,55,79,72,521,514,NO,嫉妒,13,17,18,UNKNOWN,REFERENCE_ONLY,unverified
3215,海豹战士,武系/水系,72,91,87,89,62,80,481,440,NO,身经百练,15,16,18,UNKNOWN,REFERENCE_ONLY,unverified
3216,海豹船长,武系/水系,90,113,109,111,77,100,600,550,NO,身经百练,15,16,18,UNKNOWN,REFERENCE_ONLY,unverified
3225,古钟蛇,萌系/毒系,85,69,69,64,91,80,458,430,NO,拨浪鼓,16,21,18,UNKNOWN,REFERENCE_ONLY,unverified
3226,寒音蛇,萌系/毒系,106,87,87,80,114,100,574,537,NO,拨浪鼓,16,21,18,UNKNOWN,REFERENCE_ONLY,unverified
3227,菊花梨,萌系,120,56,127,84,125,60,572,574,NO,无忧无虑,12,19,18,UNKNOWN,REFERENCE_ONLY,unverified
3228,友爱天天,普通系,113,26,81,70,80,76,446,5,NO,友谊之果,13,15,18,UNKNOWN,REFERENCE_ONLY,unverified
3229,友爱星飞,普通系,108,32,102,88,100,95,525,5,NO,友谊之果,13,15,18,UNKNOWN,REFERENCE_ONLY,unverified
3230,加灵,普通系/萌系,39,22,57,50,74,66,308,5,NO,有求必应,8,15,18,UNKNOWN,REFERENCE_ONLY,unverified
3231,加益,普通系/萌系,52,29,75,67,99,88,410,5,NO,有求必应,8,15,18,UNKNOWN,REFERENCE_ONLY,unverified
3232,加尔,普通系/萌系,103,36,94,84,124,110,551,5,NO,有求必应,15,21,18,UNKNOWN,REFERENCE_ONLY,unverified
3233,黑化加尔,普通系/幽系,84,35,104,94,124,110,551,5,NO,一意孤行,15,21,18,UNKNOWN,REFERENCE_ONLY,unverified
3234,牵线木偶,幻系,77,83,89,69,107,84,509,470,NO,盲从,21,19,18,UNKNOWN,REFERENCE_ONLY,unverified
3235,帅帅魔偶,幻系,97,104,111,86,133,105,636,587,NO,盲从,21,19,18,UNKNOWN,REFERENCE_ONLY,unverified
3237,小怂猫,武系,74,106,101,89,76,76,522,546,NO,威慑,15,17,18,UNKNOWN,REFERENCE_ONLY,unverified
3238,怒目怂猫,武系,92,132,126,111,95,95,651,684,NO,威慑,15,17,18,UNKNOWN,REFERENCE_ONLY,unverified
3239,哭哭菇,幻系,74,38,41,30,60,36,279,349,NO,吸积盘,15,16,18,UNKNOWN,REFERENCE_ONLY,unverified
3240,怖须菇,幻系,99,50,55,40,80,48,372,464,NO,吸积盘,15,16,18,UNKNOWN,REFERENCE_ONLY,unverified
3241,怖哭菇,幻系,124,63,69,50,100,60,466,580,NO,吸积盘,15,16,18,UNKNOWN,REFERENCE_ONLY,unverified
3244,绒绒,光系/虫系,58,61,62,49,80,69,379,343,NO,绒粉星光,16,17,18,UNKNOWN,REFERENCE_ONLY,unverified
3245,小绒茧,光系/虫系,77,81,83,65,106,92,504,458,NO,绒粉星光,16,17,18,UNKNOWN,REFERENCE_ONLY,unverified
3246,绒仙子,光系/虫系,96,101,104,81,133,115,630,572,NO,绒粉星光,16,17,18,UNKNOWN,REFERENCE_ONLY,unverified
3250,小鹬,翼系,58,59,59,67,52,69,364,301,NO,起飞加速,15,20,18,UNKNOWN,REFERENCE_ONLY,unverified
3251,鄙目鹬,翼系,77,79,79,90,70,92,487,400,NO,起飞加速,15,20,18,UNKNOWN,REFERENCE_ONLY,unverified
3252,高脚鹬,翼系,96,98,98,112,87,115,606,501,NO,起飞加速,15,20,18,UNKNOWN,REFERENCE_ONLY,unverified
3255,奔波鼠,地系,82,37,93,74,98,92,476,5,NO,奔波命,13,17,18,UNKNOWN,REFERENCE_ONLY,unverified
3256,流浪鼠,地系,103,46,116,92,122,115,594,5,NO,奔波命,13,17,18,UNKNOWN,REFERENCE_ONLY,unverified
3257,布鲁斯,冰系,44,60,16,68,53,54,295,354,NO,冰钻,13,16,18,UNKNOWN,REFERENCE_ONLY,unverified
3258,雪顶布鲁斯,冰系,58,81,22,91,70,72,394,473,NO,冰钻,13,16,18,UNKNOWN,REFERENCE_ONLY,unverified
3259,冰钻布鲁斯,冰系,73,101,27,114,88,90,493,590,NO,冰钻,13,16,18,UNKNOWN,REFERENCE_ONLY,unverified
3262,呼呼猪,冰系/地系,98,95,33,88,81,68,463,478,NO,冻土,14,14,18,UNKNOWN,REFERENCE_ONLY,unverified
3263,獠牙猪,冰系/地系,123,119,41,110,101,85,579,597,NO,冻土,14,14,18,UNKNOWN,REFERENCE_ONLY,unverified
3264,卡波,恶系,82,86,27,52,41,80,368,460,NO,诅咒,13,14,18,UNKNOWN,REFERENCE_ONLY,unverified
3265,卡拉波斯,恶系,103,107,34,65,51,100,460,576,NO,诅咒,13,14,18,UNKNOWN,REFERENCE_ONLY,unverified
3266,胆小鳗鱼,电系/水系,68,92,92,83,90,92,517,494,NO,生物电,15,18,18,UNKNOWN,REFERENCE_ONLY,unverified
3267,闪电鳗鱼,电系/水系,85,115,115,104,112,115,646,619,NO,生物电,15,18,18,UNKNOWN,REFERENCE_ONLY,unverified
3268,大头骨龙,龙系/幽系,96,109,40,84,65,48,442,469,NO,不朽,13,13,18,UNKNOWN,REFERENCE_ONLY,unverified
3269,寂灭骨龙,龙系/幽系,120,137,50,104,81,60,552,587,NO,不朽,13,13,18,UNKNOWN,REFERENCE_ONLY,unverified
3276,绿翼鸟,萌系/翼系,52,63,18,56,53,81,323,364,NO,自由飘,13,17,18,UNKNOWN,REFERENCE_ONLY,unverified
3277,魔翼鸟,萌系/翼系,70,85,23,75,70,108,431,486,NO,自由飘,13,17,18,UNKNOWN,REFERENCE_ONLY,unverified
3278,魔眷鸟,萌系/翼系,87,106,29,94,88,135,539,607,NO,自由飘,13,17,18,UNKNOWN,REFERENCE_ONLY,unverified
3279,雪绒鸟,翼系,56,77,26,58,49,69,335,339,NO,顺风,13,16,18,UNKNOWN,REFERENCE_ONLY,unverified
3280,雪绒鸟,翼系,59,80,32,58,41,69,339,335,NO,顺风,13,16,18,UNKNOWN,REFERENCE_ONLY,unverified
3281,雪绒鸟,翼系,54,76,25,59,51,69,334,339,NO,顺风,13,16,18,UNKNOWN,REFERENCE_ONLY,unverified
3282,冬羽雀,翼系,75,103,35,78,65,92,448,453,NO,顺风,13,16,18,UNKNOWN,REFERENCE_ONLY,unverified
3283,冬羽雀,翼系,79,107,43,77,55,92,453,449,NO,顺风,13,16,18,UNKNOWN,REFERENCE_ONLY,unverified
3284,冬羽雀,翼系,72,102,34,78,68,92,446,452,NO,顺风,13,16,18,UNKNOWN,REFERENCE_ONLY,unverified
3285,岚鸟,翼系,93,128,44,97,81,115,558,565,NO,顺风,13,16,18,UNKNOWN,REFERENCE_ONLY,unverified
3286,岚鸟,翼系,99,133,54,96,69,115,566,561,NO,顺风,13,16,18,UNKNOWN,REFERENCE_ONLY,unverified
3287,岚鸟,翼系,90,127,42,98,85,115,557,564,NO,顺风,13,16,18,UNKNOWN,REFERENCE_ONLY,unverified
3288,丢丢,草系/火系,47,52,11,38,37,78,263,5,NO,诈死,13,14,18,UNKNOWN,REFERENCE_ONLY,unverified
3289,丢丢,草系/地系,44,42,12,55,43,75,271,317,NO,诈死,13,14,18,UNKNOWN,REFERENCE_ONLY,unverified
3290,丢丢,草系/冰系,46,41,8,48,44,81,268,321,NO,诈死,14,14,18,UNKNOWN,REFERENCE_ONLY,unverified
3291,卡卡虫,草系/火系,62,69,15,51,49,104,350,5,NO,诈死,13,14,18,UNKNOWN,REFERENCE_ONLY,unverified
3292,卡卡虫,草系/地系,58,56,16,74,57,100,361,423,NO,诈死,13,14,18,UNKNOWN,REFERENCE_ONLY,unverified
3293,卡卡虫,草系/冰系,62,54,11,64,58,108,357,427,NO,诈死,14,14,18,UNKNOWN,REFERENCE_ONLY,unverified
3294,卡瓦重,草系/火系,78,86,19,64,62,130,439,5,NO,诈死,13,14,18,UNKNOWN,REFERENCE_ONLY,unverified
3295,卡瓦重,草系/地系,73,70,20,92,71,125,451,528,NO,诈死,13,14,18,UNKNOWN,REFERENCE_ONLY,unverified
3296,卡瓦重,草系/冰系,77,68,14,79,73,135,446,535,NO,诈死,14,14,18,UNKNOWN,REFERENCE_ONLY,unverified
3297,蹦蹦种子,草系/毒系,62,61,66,44,63,51,347,337,NO,生物碱,16,21,18,UNKNOWN,REFERENCE_ONLY,unverified
3298,蹦蹦种子,草系/毒系,57,62,66,48,67,48,348,336,NO,生物碱,16,21,18,UNKNOWN,REFERENCE_ONLY,unverified
3299,蹦蹦种子,草系/毒系,59,60,66,44,63,54,346,339,NO,生物碱,16,21,18,UNKNOWN,REFERENCE_ONLY,unverified
3300,蹦蹦草,草系/毒系,83,81,87,59,84,68,462,449,NO,生物碱,16,21,18,UNKNOWN,REFERENCE_ONLY,unverified
3301,蹦蹦草,草系/毒系,76,82,87,64,90,64,463,447,NO,生物碱,16,21,18,UNKNOWN,REFERENCE_ONLY,unverified
3302,蹦蹦草,草系/毒系,79,80,88,59,84,72,462,452,NO,生物碱,16,21,18,UNKNOWN,REFERENCE_ONLY,unverified
3303,蹦蹦花,草系/毒系,103,101,109,73,105,85,576,563,NO,生物碱,16,21,18,UNKNOWN,REFERENCE_ONLY,unverified
3304,蹦蹦花,草系/毒系,95,103,109,80,112,80,579,560,NO,生物碱,16,21,18,UNKNOWN,REFERENCE_ONLY,unverified
3305,蹦蹦花,草系/毒系,99,100,110,73,106,90,578,566,NO,生物碱,16,21,18,UNKNOWN,REFERENCE_ONLY,unverified
3307,矿晶虫,光系/地系,79,77,81,102,75,52,466,459,NO,偏振,14,12,18,UNKNOWN,REFERENCE_ONLY,unverified
3308,晶石蜗,光系/地系,99,96,101,128,94,65,583,575,NO,偏振,14,20,18,UNKNOWN,REFERENCE_ONLY,unverified
3309,犀角鸟,光系,63,88,40,67,44,66,368,331,NO,月光审判,12,15,18,UNKNOWN,REFERENCE_ONLY,unverified
3310,光纤兽,光系,83,117,54,90,58,88,490,441,NO,月光审判,12,15,18,UNKNOWN,REFERENCE_ONLY,unverified
3311,疾光千兽,光系,104,146,67,112,73,110,612,551,NO,月光审判,12,15,18,UNKNOWN,REFERENCE_ONLY,unverified
3315,小鼠獭,普通系/水系,73,57,57,60,60,48,355,345,NO,保守派,15,18,18,UNKNOWN,REFERENCE_ONLY,unverified
3316,燕尾獭,普通系/水系,97,77,77,81,81,64,477,459,NO,保守派,15,18,18,UNKNOWN,REFERENCE_ONLY,unverified
3317,卷胡巨獭,普通系/水系,121,96,96,101,101,80,595,573,NO,保守派,15,18,18,UNKNOWN,REFERENCE_ONLY,unverified
3319,粉星仔,幻系,80,63,119,58,102,92,514,489,NO,双向光速,9,9,18,UNKNOWN,REFERENCE_ONLY,unverified
3320,粉耳星兔,幻系,100,79,148,73,127,115,642,612,NO,双向光速,13,15,18,UNKNOWN,REFERENCE_ONLY,unverified
3321,觅觅蝠,翼系,76,60,59,58,74,33,360,5,NO,异类,15,16,18,UNKNOWN,REFERENCE_ONLY,unverified
3322,翻翻蝠,翼系,101,79,78,78,98,44,478,5,NO,异类,15,16,18,UNKNOWN,REFERENCE_ONLY,unverified
3323,夜游魔,翼系/恶系,126,99,98,97,123,55,598,5,NO,异类,15,16,18,UNKNOWN,REFERENCE_ONLY,unverified
3330,海盔虫,水系/毒系,71,25,59,46,66,60,327,337,NO,溶解扩散,13,15,18,UNKNOWN,REFERENCE_ONLY,unverified
3331,刺盔虫,水系/毒系,94,33,79,61,88,80,435,448,NO,溶解扩散,13,15,18,UNKNOWN,REFERENCE_ONLY,unverified
3332,千棘盔,水系/毒系,118,41,99,76,111,100,545,562,NO,溶解扩散,13,15,18,UNKNOWN,REFERENCE_ONLY,unverified
3333,雪娃娃,冰系,56,67,67,63,63,69,385,322,NO,冰封,16,19,18,UNKNOWN,REFERENCE_ONLY,unverified
3334,冰封怨灵,冰系,75,90,90,84,84,92,515,430,NO,冰封,16,19,18,UNKNOWN,REFERENCE_ONLY,unverified
3335,雪灵,冰系,94,112,112,105,105,115,643,540,NO,冰封,16,19,18,UNKNOWN,REFERENCE_ONLY,unverified
3341,雪灵兽,冰系,62,59,19,67,62,75,344,5,NO,冰雪魂魄,13,15,18,UNKNOWN,REFERENCE_ONLY,unverified
3342,幻雪兽,冰系,83,78,26,89,82,100,458,5,NO,冰雪魂魄,13,15,18,UNKNOWN,REFERENCE_ONLY,unverified
3344,乖乖鹄,翼系/水系,75,57,52,83,58,69,394,298,NO,洁癖,11,8,18,UNKNOWN,REFERENCE_ONLY,unverified
3345,蓝珠天鹅,翼系/水系,100,76,69,110,78,92,525,396,NO,洁癖,11,8,18,UNKNOWN,REFERENCE_ONLY,unverified
3346,翠顶夫人,翼系/水系,125,95,86,138,97,115,656,496,NO,洁癖,15,19,18,UNKNOWN,REFERENCE_ONLY,unverified
3347,芽眼魔,恶系/水系,68,62,59,51,59,45,344,5,NO,滴眼液,15,17,18,UNKNOWN,REFERENCE_ONLY,unverified
3348,叶眼魔,恶系/水系,91,82,78,68,78,60,457,5,NO,滴眼液,15,17,18,UNKNOWN,REFERENCE_ONLY,unverified
3349,障眼魔,恶系/水系,113,103,98,85,98,75,572,5,NO,滴眼液,15,17,18,UNKNOWN,REFERENCE_ONLY,unverified
3350,红绒十字,火系/萌系,112,47,122,100,127,90,598,551,NO,仁心,13,19,18,UNKNOWN,REFERENCE_ONLY,unverified
3351,霹雳宝宝,电系,54,66,66,67,56,72,381,5,NO,电子音乐,13,13,18,UNKNOWN,REFERENCE_ONLY,unverified
3352,雷鸣小子,电系,72,88,88,90,74,96,508,5,NO,电子音乐,13,13,18,UNKNOWN,REFERENCE_ONLY,unverified
3353,雷神之子,电系,90,110,110,112,93,120,635,5,NO,电子音乐,13,13,18,UNKNOWN,REFERENCE_ONLY,unverified
3357,电动长颈鹿,电系,55,46,12,65,47,72,297,315,NO,蓄电池,13,19,18,UNKNOWN,REFERENCE_ONLY,unverified
3358,奔乐鹿,电系,73,61,16,86,63,96,395,418,NO,蓄电池,13,19,18,UNKNOWN,REFERENCE_ONLY,unverified
3359,爵士鹿,电系,92,77,20,108,79,120,496,524,NO,蓄电池,13,19,18,UNKNOWN,REFERENCE_ONLY,unverified
3360,蝴蝶陶陶,萌系,57,47,8,65,57,75,309,5,NO,猫精灵的礼物,13,14,18,UNKNOWN,REFERENCE_ONLY,unverified
3361,铆钉毛毛,萌系/毒系,76,62,11,87,76,100,412,5,NO,猫精灵的礼物,13,14,18,UNKNOWN,REFERENCE_ONLY,unverified
3362,徘徊爪爪,萌系/毒系,95,78,14,109,95,125,516,5,NO,猫精灵的礼物,13,14,18,UNKNOWN,REFERENCE_ONLY,unverified
3367,嘟嘟煲,毒系,110,29,82,71,83,84,459,487,NO,复方汤剂,13,16,18,UNKNOWN,REFERENCE_ONLY,unverified
3368,嘟嘟锅,毒系,137,36,102,89,104,105,573,610,NO,复方汤剂,13,16,18,UNKNOWN,REFERENCE_ONLY,unverified
3369,幽星光,幻系,49,21,63,48,63,75,319,317,NO,守望星,13,15,18,UNKNOWN,REFERENCE_ONLY,unverified
3370,曜星光,幻系/翼系,65,28,84,64,84,100,425,422,NO,守望星,13,15,18,UNKNOWN,REFERENCE_ONLY,unverified
3371,暮星辰,幻系/翼系,81,35,106,80,105,125,532,528,NO,守望星,13,15,18,UNKNOWN,REFERENCE_ONLY,unverified
3372,春花兔,草系,79,85,95,103,90,105,557,615,NO,系统发育,15,19,18,UNKNOWN,REFERENCE_ONLY,unverified
3373,逗逗,萌系,48,70,64,68,68,66,384,353,NO,鼓气,15,18,18,UNKNOWN,REFERENCE_ONLY,unverified
3374,气球猫,萌系,64,93,86,90,90,88,511,471,NO,鼓气,15,18,18,UNKNOWN,REFERENCE_ONLY,unverified
3375,梦想三三,萌系,81,117,107,113,113,110,641,589,NO,鼓气,15,18,18,UNKNOWN,REFERENCE_ONLY,unverified
3376,旋叶虫,普通系/虫系,56,15,65,63,55,72,326,374,NO,共鸣,12,16,18,UNKNOWN,REFERENCE_ONLY,unverified
3377,风滚暮虫,普通系/虫系,93,24,109,105,91,120,542,622,NO,共鸣,12,16,18,UNKNOWN,REFERENCE_ONLY,unverified
3378,菇菇丁,地系/草系,89,66,62,75,62,42,396,356,NO,多人宿舍,15,19,18,UNKNOWN,REFERENCE_ONLY,unverified
3379,多菇丁,地系/草系,119,88,83,100,82,56,528,474,NO,多人宿舍,15,19,18,UNKNOWN,REFERENCE_ONLY,unverified
3380,九幽菇,地系/草系,149,110,103,125,103,70,660,594,NO,多人宿舍,15,19,18,UNKNOWN,REFERENCE_ONLY,unverified
3381,深蓝鲸,水系,137,44,121,125,141,50,618,576,NO,倾轧,13,16,18,UNKNOWN,REFERENCE_ONLY,unverified
3382,双灯鱼,水系/电系,102,55,111,57,93,84,502,486,NO,对流,14,13,18,UNKNOWN,REFERENCE_ONLY,unverified
3383,利灯鱼,水系/电系,128,68,138,71,116,105,626,607,NO,对流,14,13,18,UNKNOWN,REFERENCE_ONLY,unverified
3384,豆丁鱼,水系/龙系,53,62,65,60,62,81,383,373,NO,洄游,15,18,18,UNKNOWN,REFERENCE_ONLY,unverified
3385,快鳍鱼,水系/龙系,71,82,87,80,83,108,511,497,NO,洄游,15,18,18,UNKNOWN,REFERENCE_ONLY,unverified
3386,龙鱼,水系/龙系,89,103,109,100,104,135,640,619,NO,洄游,15,18,18,UNKNOWN,REFERENCE_ONLY,unverified
3392,凡雀,翼系,71,55,53,52,66,75,372,369,NO,展翅,15,17,18,UNKNOWN,REFERENCE_ONLY,unverified
3393,紫翎鹰,翼系,94,74,71,69,88,100,496,491,NO,展翅,15,17,18,UNKNOWN,REFERENCE_ONLY,unverified
3394,凡鹰,翼系,118,92,89,86,110,125,620,615,NO,展翅,15,17,18,UNKNOWN,REFERENCE_ONLY,unverified
3395,里奥,翼系,79,65,65,77,50,75,411,310,NO,飓风,15,18,18,UNKNOWN,REFERENCE_ONLY,unverified
3396,灵羽勇士,翼系,105,87,87,102,66,100,547,412,NO,飓风,15,18,18,UNKNOWN,REFERENCE_ONLY,unverified
3397,圣羽翼王,翼系,132,109,109,128,83,125,686,514,NO,飓风,15,18,18,UNKNOWN,REFERENCE_ONLY,unverified
3398,星尘虫,虫系,49,47,47,46,58,60,307,355,NO,契约的形状,16,16,18,UNKNOWN,REFERENCE_ONLY,unverified
3399,落星虫,虫系,65,62,62,61,77,80,407,473,NO,契约的形状,16,16,18,UNKNOWN,REFERENCE_ONLY,unverified
3400,陨星虫,虫系,81,78,78,76,96,100,509,592,NO,契约的形状,16,16,18,UNKNOWN,REFERENCE_ONLY,unverified
3402,碎晶蝎,恶系/地系,65,76,70,71,47,57,386,5,NO,流沙统治者,15,18,18,UNKNOWN,REFERENCE_ONLY,unverified
3403,晶尾蝎,恶系/地系,86,101,94,95,63,76,515,5,NO,流沙统治者,15,18,18,UNKNOWN,REFERENCE_ONLY,unverified
3404,蝎子王,恶系/地系,108,126,117,119,79,95,644,5,NO,流沙统治者,15,18,18,UNKNOWN,REFERENCE_ONLY,unverified
3405,幽冥眼,幽系,92,50,120,98,135,115,610,632,NO,惊吓,13,17,18,UNKNOWN,REFERENCE_ONLY,unverified
3406,缇塔,机械系,73,99,38,98,74,72,454,470,NO,向心力,14,15,18,UNKNOWN,REFERENCE_ONLY,unverified
3407,声波缇塔,机械系,92,124,48,122,92,90,568,589,NO,向心力,14,15,18,UNKNOWN,REFERENCE_ONLY,unverified
3410,权杖-Ⅱ,机械系,82,84,78,109,109,60,522,390,NO,机械变式,16,17,18,UNKNOWN,REFERENCE_ONLY,unverified
3411,权杖-V,机械系,103,105,97,136,136,75,652,487,NO,机械变式,16,17,18,UNKNOWN,REFERENCE_ONLY,unverified
3412,伊兰亚龙,龙系,112,91,190,69,99,90,651,642,NO,嫉妒,13,17,18,UNKNOWN,REFERENCE_ONLY,unverified
3419,厉毒小萝,毒系/恶系,67,64,17,81,59,108,396,432,NO,侵蚀,13,15,18,UNKNOWN,REFERENCE_ONLY,unverified
3420,厉毒修萝,毒系/恶系,84,80,21,101,74,135,495,540,NO,侵蚀,13,15,18,UNKNOWN,REFERENCE_ONLY,unverified
3430,海枝枝,水系/幽系,78,58,148,96,120,110,610,522,NO,珊瑚骨,13,17,18,UNKNOWN,REFERENCE_ONLY,unverified
3431,海枝枝,水系/幽系,91,48,125,104,129,110,607,545,NO,珊瑚骨,13,17,18,UNKNOWN,REFERENCE_ONLY,unverified
3432,海枝枝,水系/幽系,97,62,136,84,121,110,610,534,NO,珊瑚骨,13,17,18,UNKNOWN,REFERENCE_ONLY,unverified
3433,海枝枝,水系/幽系,90,53,135,92,113,120,603,552,NO,珊瑚骨,13,17,18,UNKNOWN,REFERENCE_ONLY,unverified
3434,小电企鹅,冰系/电系,75,45,101,59,87,100,467,5,NO,超负荷,13,17,18,UNKNOWN,REFERENCE_ONLY,unverified
3435,电企鹅,冰系/电系,94,56,126,73,109,125,583,5,NO,超负荷,13,17,18,UNKNOWN,REFERENCE_ONLY,unverified
3436,柴渣虫,火系/草系,108,96,38,82,58,80,462,477,NO,煤渣草,13,15,18,UNKNOWN,REFERENCE_ONLY,unverified
3437,燃薪虫,火系/草系,135,120,48,103,73,100,579,598,NO,煤渣草,13,15,18,UNKNOWN,REFERENCE_ONLY,unverified
3438,梦游,幽系,90,52,125,60,74,92,493,464,NO,做噩梦,13,16,18,UNKNOWN,REFERENCE_ONLY,unverified
3439,梦悠悠,幽系,113,65,157,75,93,115,618,580,NO,做噩梦,13,16,18,UNKNOWN,REFERENCE_ONLY,unverified
3440,梦游,幽系/光系,90,62,120,56,90,88,506,457,NO,做噩梦,13,17,18,UNKNOWN,REFERENCE_ONLY,unverified
3441,梦悠悠,幽系/光系,112,78,150,70,112,110,632,570,NO,做噩梦,13,17,18,UNKNOWN,REFERENCE_ONLY,unverified
3442,小星光,电系/光系,64,76,85,72,96,100,493,519,NO,电流刺激,15,18,18,UNKNOWN,REFERENCE_ONLY,unverified
3443,星光狮,电系/光系,80,95,107,90,120,125,617,647,NO,电流刺激,15,18,18,UNKNOWN,REFERENCE_ONLY,unverified
3444,噼啪鸟,电系/翼系,78,116,109,85,85,145,618,649,NO,连续负荷,15,19,18,UNKNOWN,REFERENCE_ONLY,unverified
3448,晶石蜗,光系/地系,94,97,101,137,91,65,585,574,NO,偏振,14,20,18,UNKNOWN,REFERENCE_ONLY,unverified
3449,晶石蜗,光系/地系,97,101,101,128,91,65,583,580,NO,偏振,14,20,18,UNKNOWN,REFERENCE_ONLY,unverified
3450,晶石蜗,光系/地系,97,97,101,132,91,65,583,575,NO,偏振,14,20,18,UNKNOWN,REFERENCE_ONLY,unverified
3451,晶石蜗,光系/地系,99,97,107,124,91,65,583,572,NO,偏振,14,20,18,UNKNOWN,REFERENCE_ONLY,unverified
3452,鸭吉吉,普通系,130,95,35,55,45,110,470,487,NO,挺起胸脯,13,16,18,UNKNOWN,REFERENCE_ONLY,unverified
3453,鸭吉吉,普通系,137,35,94,46,57,100,469,481,NO,挺起胸脯,13,16,18,UNKNOWN,REFERENCE_ONLY,unverified
3454,地鼠,地系,67,71,14,51,79,60,342,352,NO,警惕,14,16,18,UNKNOWN,REFERENCE_ONLY,unverified
3455,遁鼠,地系,89,94,18,68,105,80,454,469,NO,警惕,14,16,18,UNKNOWN,REFERENCE_ONLY,unverified
3456,遁地鼠,地系,112,118,23,85,131,100,569,586,NO,警惕,14,16,18,UNKNOWN,REFERENCE_ONLY,unverified
3457,月牙雪熊,冰系/幻系,126,97,39,141,103,80,586,5,NO,月牙雪糕,13,14,18,UNKNOWN,REFERENCE_ONLY,unverified
3458,圣代甜甜,冰系,107,120,110,81,96,100,614,616,NO,加个雪球,16,19,18,UNKNOWN,REFERENCE_ONLY,unverified
3459,圣代甜甜,冰系,113,112,110,79,92,105,611,617,NO,加个雪球,16,19,18,UNKNOWN,REFERENCE_ONLY,unverified
3460,圣代甜甜,冰系,114,117,110,79,92,100,612,615,NO,加个雪球,16,19,18,UNKNOWN,REFERENCE_ONLY,unverified
3461,圣代甜甜,冰系,113,109,100,90,96,100,608,631,NO,加个雪球,16,19,18,UNKNOWN,REFERENCE_ONLY,unverified
3462,圣代甜甜,冰系,121,100,101,86,92,105,605,633,NO,加个雪球,16,19,18,UNKNOWN,REFERENCE_ONLY,unverified
3463,圣代甜甜,冰系,110,116,120,73,96,100,615,603,NO,加个雪球,16,19,18,UNKNOWN,REFERENCE_ONLY,unverified
3464,圣代甜甜,冰系,108,110,110,84,99,100,611,616,NO,加个雪球,16,19,18,UNKNOWN,REFERENCE_ONLY,unverified
3465,圣代甜甜,冰系,110,107,110,82,96,105,610,619,NO,加个雪球,16,19,18,UNKNOWN,REFERENCE_ONLY,unverified
3466,星云旅者,翼系/幻系,104,32,129,104,83,120,572,528,NO,与星星同行,13,13,18,UNKNOWN,REFERENCE_ONLY,unverified
3467,小狮鹫,翼系,65,66,35,74,42,75,357,365,NO,乘风连击,13,16,18,UNKNOWN,REFERENCE_ONLY,unverified
3468,神圣狮鹫,翼系,87,88,47,98,56,100,476,487,NO,乘风连击,13,16,18,UNKNOWN,REFERENCE_ONLY,unverified
3469,皇家狮鹫,翼系,109,110,59,123,70,125,596,610,NO,乘风连击,13,16,18,UNKNOWN,REFERENCE_ONLY,unverified
3470,化蝶,虫系/萌系,43,42,42,67,70,105,369,450,NO,化茧,15,16,18,UNKNOWN,REFERENCE_ONLY,unverified
3471,化蝶,虫系/萌系,49,47,41,67,67,95,366,449,NO,化茧,15,16,18,UNKNOWN,REFERENCE_ONLY,unverified
3472,化蝶,虫系/萌系,55,46,44,62,65,90,362,450,NO,化茧,15,16,18,UNKNOWN,REFERENCE_ONLY,unverified
3473,布瓜蝌,幻系,91,84,35,81,55,96,442,5,NO,张弛有度,13,13,18,UNKNOWN,REFERENCE_ONLY,unverified
3474,上岸蛙,幻系,114,106,44,101,69,120,554,5,NO,张弛有度,13,13,18,UNKNOWN,REFERENCE_ONLY,unverified
3475,海盔虫,水系/毒系,70,25,60,44,64,63,326,338,NO,溶解扩散,13,15,18,UNKNOWN,REFERENCE_ONLY,unverified
3476,刺盔虫,水系/毒系,94,33,80,59,85,84,435,450,NO,溶解扩散,13,15,18,UNKNOWN,REFERENCE_ONLY,unverified
3477,千棘盔,水系/毒系,117,41,100,74,107,105,544,564,NO,溶解扩散,13,15,18,UNKNOWN,REFERENCE_ONLY,unverified
3478,香草甜甜,冰系,88,92,96,58,77,80,491,482,NO,加个雪球,16,19,18,UNKNOWN,REFERENCE_ONLY,unverified
3479,香草甜甜,冰系,91,94,88,63,74,80,490,491,NO,加个雪球,16,19,18,UNKNOWN,REFERENCE_ONLY,unverified
3481,暗影灵面,幽系,84,30,96,83,88,92,473,508,NO,惊吓,13,18,18,UNKNOWN,REFERENCE_ONLY,unverified
3482,幽冥眼,幽系,105,38,120,104,110,115,592,635,NO,惊吓,13,18,18,UNKNOWN,REFERENCE_ONLY,unverified
3483,蓬叶虫,普通系/虫系,74,19,87,84,73,96,433,498,NO,共鸣,12,16,18,UNKNOWN,REFERENCE_ONLY,unverified
3484,螺旋帕帕,机械系/翼系,88,55,8,79,67,80,377,378,NO,翼轴,13,14,18,UNKNOWN,REFERENCE_ONLY,unverified
3485,落陨星兔,幻系/幽系,93,61,125,87,141,130,637,619,NO,陨落,14,15,18,UNKNOWN,REFERENCE_ONLY,unverified
3486,晶石蜗,光系/地系,95,97,102,130,91,70,585,578,NO,偏振,14,20,18,UNKNOWN,REFERENCE_ONLY,unverified
3487,小丑豆豆,恶系,66,87,88,49,74,72,436,5,NO,戏耍,15,16,18,UNKNOWN,REFERENCE_ONLY,unverified
3488,小丑兔,恶系,88,116,118,66,99,96,583,5,NO,戏耍,15,16,18,UNKNOWN,REFERENCE_ONLY,unverified
3489,小丑公爵,恶系,111,145,147,82,124,120,729,5,NO,戏耍,15,16,18,UNKNOWN,REFERENCE_ONLY,unverified
3490,吸泥鸥,地系/翼系,99,89,33,87,71,76,455,443,NO,无差别过滤,13,15,18,UNKNOWN,REFERENCE_ONLY,unverified
3491,泥吼牙,地系/翼系,124,112,41,109,88,95,569,554,NO,无差别过滤,13,15,18,UNKNOWN,REFERENCE_ONLY,unverified
3492,兽花蕾,光系/草系,70,79,82,70,97,115,513,482,NO,稀兽花宝,16,16,18,UNKNOWN,REFERENCE_ONLY,unverified
3495,鸭吉吉,普通系,108,89,41,74,48,115,475,5,NO,挺起胸脯,13,16,18,UNKNOWN,REFERENCE_ONLY,unverified
3496,旋叶虫,普通系/虫系,57,15,67,61,52,72,324,373,NO,共鸣,12,16,18,UNKNOWN,REFERENCE_ONLY,unverified
3497,蓬叶虫,普通系/虫系,76,20,89,82,70,96,433,498,NO,共鸣,12,16,18,UNKNOWN,REFERENCE_ONLY,unverified
3498,风滚暮虫,普通系/虫系,95,25,111,102,87,120,540,623,NO,共鸣,12,16,18,UNKNOWN,REFERENCE_ONLY,unverified
3500,石肤蜥,地系,68,61,60,70,50,60,369,320,NO,刺肤,15,17,18,UNKNOWN,REFERENCE_ONLY,unverified
3501,石刺蜥,地系,91,82,80,94,66,80,493,428,NO,刺肤,15,17,18,UNKNOWN,REFERENCE_ONLY,unverified
3502,石冠王蜥,地系,113,102,100,117,83,100,615,534,NO,刺肤,15,17,18,UNKNOWN,REFERENCE_ONLY,unverified
3506,花怨鳗,地系/草系,232,73,73,110,90,52,630,617,NO,铃兰晚钟,15,16,18,UNKNOWN,REFERENCE_ONLY,unverified
3507,鳗尾兽,地系/草系,290,91,91,138,113,65,788,774,NO,铃兰晚钟,15,16,18,UNKNOWN,REFERENCE_ONLY,unverified
3508,波波螺,地系/水系,67,59,59,87,66,42,380,288,NO,消波块,15,19,18,UNKNOWN,REFERENCE_ONLY,unverified
3509,消波螺,地系/水系,89,78,78,116,88,56,505,384,NO,消波块,15,19,18,UNKNOWN,REFERENCE_ONLY,unverified
3510,嗜波螺,地系/水系,112,98,98,146,110,70,634,481,NO,消波块,15,19,18,UNKNOWN,REFERENCE_ONLY,unverified
3511,波波螺,地系/水系,64,57,57,64,86,42,370,288,NO,消波块,15,19,18,UNKNOWN,REFERENCE_ONLY,unverified
3512,消波螺,地系/水系,85,76,76,85,115,56,493,384,NO,消波块,15,19,18,UNKNOWN,REFERENCE_ONLY,unverified
3513,嗜波螺,地系/水系,107,95,95,106,144,70,617,481,NO,消波块,15,19,18,UNKNOWN,REFERENCE_ONLY,unverified
3516,板板壳,水系,88,24,72,56,59,48,347,355,NO,缩壳,13,14,18,UNKNOWN,REFERENCE_ONLY,unverified
3517,咔咔壳,水系,117,31,96,75,79,64,462,474,NO,缩壳,13,14,18,UNKNOWN,REFERENCE_ONLY,unverified
3518,水泡壳,水系,146,39,121,93,98,80,577,593,NO,缩壳,13,14,18,UNKNOWN,REFERENCE_ONLY,unverified
3521,里拉鳐,水系,118,82,89,103,147,105,644,490,NO,吟游之弦,15,21,18,UNKNOWN,REFERENCE_ONLY,unverified
3526,抹茶布丁,水系/草系,101,32,101,94,98,120,546,633,NO,茶多酚,13,20,18,UNKNOWN,REFERENCE_ONLY,unverified
3527,椰浆布丁,水系/冰系,133,34,89,81,105,120,562,630,NO,吉利丁片,13,18,18,UNKNOWN,REFERENCE_ONLY,unverified
3528,熔岩布丁,水系/火系,128,87,33,112,84,120,564,650,NO,美拉德反应,13,18,18,UNKNOWN,REFERENCE_ONLY,unverified
3529,号儿鱼,水系,90,24,76,76,88,84,438,377,NO,泛音列,13,13,18,UNKNOWN,REFERENCE_ONLY,unverified
3530,圆号鱼,水系,113,31,95,95,110,105,549,470,NO,泛音列,13,13,18,UNKNOWN,REFERENCE_ONLY,unverified
3531,小雪人,冰系,101,85,80,78,105,60,509,5,NO,大雪球,15,17,18,UNKNOWN,REFERENCE_ONLY,unverified
3532,雪怪,冰系,126,107,99,98,131,75,636,5,NO,大雪球,15,17,18,UNKNOWN,REFERENCE_ONLY,unverified
3533,雪绒鸟,翼系,54,77,33,65,44,69,342,340,NO,顺风,13,16,18,UNKNOWN,REFERENCE_ONLY,unverified
3534,斑斑,翼系,87,90,90,82,91,92,532,449,NO,逐魂鸟,15,18,18,UNKNOWN,REFERENCE_ONLY,unverified
3535,斑枭,翼系,109,112,112,102,114,115,664,559,NO,逐魂鸟,15,18,18,UNKNOWN,REFERENCE_ONLY,unverified
3536,乌达,恶系/火系,80,95,49,70,42,33,369,366,NO,恶魔的晚宴,13,17,18,UNKNOWN,REFERENCE_ONLY,unverified
3537,迷你乌,恶系/火系,107,126,66,93,56,44,492,488,NO,恶魔的晚宴,13,17,18,UNKNOWN,REFERENCE_ONLY,unverified
3538,乌拉塔,恶系/火系,134,158,82,116,70,55,615,609,NO,恶魔的晚宴,13,17,18,UNKNOWN,REFERENCE_ONLY,unverified
3539,乌达,恶系/冰系,96,95,55,64,34,30,374,367,NO,恶魔的晚宴,13,18,18,UNKNOWN,REFERENCE_ONLY,unverified
3540,迷你乌,恶系/冰系,128,126,73,85,46,40,498,489,NO,恶魔的晚宴,13,18,18,UNKNOWN,REFERENCE_ONLY,unverified
3541,乌拉塔,恶系/冰系,160,158,91,106,57,50,622,610,NO,恶魔的晚宴,13,18,18,UNKNOWN,REFERENCE_ONLY,unverified
3545,圣剑侍从,机械系,139,116,111,139,139,52,696,584,NO,正位宝剑,16,18,18,UNKNOWN,REFERENCE_ONLY,unverified
3546,圣剑-X,机械系,174,144,139,173,173,65,868,729,NO,正位宝剑,16,18,18,UNKNOWN,REFERENCE_ONLY,unverified
3547,帕帕斯卡,机械系/翼系,110,68,10,99,84,100,471,473,NO,翼轴,13,14,18,UNKNOWN,REFERENCE_ONLY,unverified
3550,棋棋,武系/地系,72,100,36,70,56,100,434,440,NO,腾挪,10,6,18,UNKNOWN,REFERENCE_ONLY,unverified
3551,棋骑士,武系/地系,90,126,45,88,69,125,543,550,NO,腾挪,18,20,18,UNKNOWN,REFERENCE_ONLY,unverified
3552,棋绮后,武系/地系,93,84,84,82,75,90,508,510,NO,渗透,17,21,18,UNKNOWN,REFERENCE_ONLY,unverified
3553,棋齐垒,武系/地系,89,94,38,116,77,75,489,583,NO,保卫,17,19,18,UNKNOWN,REFERENCE_ONLY,unverified
3554,棋祈督,武系/地系,126,87,87,90,72,85,547,540,NO,好象坏象,17,20,18,UNKNOWN,REFERENCE_ONLY,unverified
3555,棋棋,武系/地系,66,97,35,67,53,100,418,440,NO,腾挪,10,6,18,UNKNOWN,REFERENCE_ONLY,unverified
3556,棋骑士,武系/地系,83,121,43,84,66,125,522,550,NO,腾挪,18,20,18,UNKNOWN,REFERENCE_ONLY,unverified
3557,棋绮后,武系/地系,93,84,84,82,75,90,508,510,NO,渗透,17,21,18,UNKNOWN,REFERENCE_ONLY,unverified
3558,棋齐垒,武系/地系,89,94,38,116,77,75,489,583,NO,保卫,17,19,18,UNKNOWN,REFERENCE_ONLY,unverified
3559,棋祈督,武系/地系,126,87,87,90,72,85,547,540,NO,好象坏象,17,20,18,UNKNOWN,REFERENCE_ONLY,unverified
3565,栗鼠,毒系/普通系,91,61,63,62,89,80,446,401,NO,扎手,15,16,18,UNKNOWN,REFERENCE_ONLY,unverified
3566,壳栗丝鼠,毒系/普通系,114,77,79,77,111,100,558,503,NO,扎手,15,16,18,UNKNOWN,REFERENCE_ONLY,unverified
3568,小黑猫,普通系,119,42,99,72,103,56,491,486,NO,预警,13,14,18,UNKNOWN,REFERENCE_ONLY,unverified
3569,黑猫巫师,普通系,149,53,124,90,129,70,615,608,NO,预警,13,14,18,UNKNOWN,REFERENCE_ONLY,unverified
3571,黑羽夫人,翼系/恶系,132,93,87,130,90,120,652,492,NO,孤傲,17,17,18,UNKNOWN,REFERENCE_ONLY,unverified
3572,爆焰仔,火系/龙系,89,101,50,105,65,88,498,5,NO,大火球,13,13,18,UNKNOWN,REFERENCE_ONLY,unverified
3573,爆焰喷喷,火系/龙系,112,127,63,131,81,110,624,5,NO,大火球,13,13,18,UNKNOWN,REFERENCE_ONLY,unverified
3577,墨鱿士,幽系,103,97,42,105,79,56,482,5,NO,涂鸦,13,9,18,UNKNOWN,REFERENCE_ONLY,unverified
3578,混乱鱿彩,幽系/恶系,129,122,53,131,99,70,604,5,NO,涂鸦,16,16,18,UNKNOWN,REFERENCE_ONLY,unverified
3579,秩序鱿墨,幽系/萌系,78,120,39,124,113,130,604,5,NO,绝对秩序,16,15,18,UNKNOWN,REFERENCE_ONLY,unverified
3582,刺轮砣,毒系/萌系,100,80,78,80,65,84,487,476,NO,耐活王,15,19,18,UNKNOWN,REFERENCE_ONLY,unverified
3583,月亮砣,毒系/萌系,125,100,98,100,81,105,609,594,NO,耐活王,15,19,18,UNKNOWN,REFERENCE_ONLY,unverified
3584,刺轮砣,毒系/萌系,100,78,80,65,80,84,487,476,NO,耐活王,15,19,18,UNKNOWN,REFERENCE_ONLY,unverified
3585,月亮砣,毒系/萌系,125,98,100,81,100,105,609,594,NO,耐活王,15,19,18,UNKNOWN,REFERENCE_ONLY,unverified
3591,十字蝌蚪,水系,68,78,31,63,47,66,353,5,NO,王子的诺言,13,14,18,UNKNOWN,REFERENCE_ONLY,unverified
3592,十字蛙,水系,91,104,41,85,63,88,472,5,NO,王子的诺言,13,14,18,UNKNOWN,REFERENCE_ONLY,unverified
3593,深渊蛙,水系/武系,113,130,51,106,78,110,588,5,NO,王子的诺言,13,14,18,UNKNOWN,REFERENCE_ONLY,unverified
3594,松仔,草系/武系,63,83,34,77,60,63,380,341,NO,野性感官,14,15,18,UNKNOWN,REFERENCE_ONLY,unverified
3595,松叶羊,草系/武系,84,111,46,102,80,84,507,455,NO,野性感官,14,15,18,UNKNOWN,REFERENCE_ONLY,unverified
3596,针叶巡林,草系/武系,105,139,57,128,100,105,634,568,NO,野性感官,14,15,18,UNKNOWN,REFERENCE_ONLY,unverified
3597,水滴蛇,水系/武系,63,66,62,62,62,63,378,365,NO,思维之盾,15,17,18,UNKNOWN,REFERENCE_ONLY,unverified
3598,水蛇锁,水系/武系,84,88,83,83,83,84,505,487,NO,思维之盾,15,17,18,UNKNOWN,REFERENCE_ONLY,unverified
3599,游蛇魔使,水系/武系,105,110,104,103,103,105,630,609,NO,思维之盾,15,17,18,UNKNOWN,REFERENCE_ONLY,unverified
3600,小勇狮,火系/武系,82,31,66,53,78,48,358,336,NO,圣火骑士,13,17,18,UNKNOWN,REFERENCE_ONLY,unverified
3601,炽焰狮,火系/武系,110,41,89,70,104,64,478,447,NO,圣火骑士,13,17,18,UNKNOWN,REFERENCE_ONLY,unverified
3602,炽心勇狮,火系/武系,137,51,111,88,130,80,597,560,NO,圣火骑士,13,17,18,UNKNOWN,REFERENCE_ONLY,unverified
3603,毛头小蛛,虫系/地系,85,80,27,93,79,88,452,438,NO,扫拖一体,13,16,18,UNKNOWN,REFERENCE_ONLY,unverified
3604,捕尘长绒,虫系/地系,106,100,34,116,99,110,565,548,NO,扫拖一体,13,16,18,UNKNOWN,REFERENCE_ONLY,unverified
3605,食尘短绒,虫系/地系,109,105,37,113,97,115,576,580,NO,特殊清洁场景,13,16,18,UNKNOWN,REFERENCE_ONLY,unverified
3606,画精灵,普通系,61,32,78,56,72,72,371,384,NO,灰色肖像,11,16,18,UNKNOWN,REFERENCE_ONLY,unverified
3607,画像守护,普通系,81,42,104,75,96,96,494,513,NO,灰色肖像,11,16,18,UNKNOWN,REFERENCE_ONLY,unverified
3608,画间法师手,普通系/幻系,101,53,131,94,120,120,619,641,NO,灰色肖像,15,25,18,UNKNOWN,REFERENCE_ONLY,unverified
3609,画间沉铁兽,普通系/武系,126,147,63,100,76,92,604,625,NO,变形活画,16,24,18,UNKNOWN,REFERENCE_ONLY,unverified
3610,书魔虫,普通系,67,69,69,48,73,57,383,358,NO,图书守卫者,12,13,18,UNKNOWN,REFERENCE_ONLY,unverified
3611,书卷守护,普通系,89,92,92,64,98,76,511,480,NO,图书守卫者,12,13,18,UNKNOWN,REFERENCE_ONLY,unverified
3612,古卷执政官,普通系/幻系,111,115,115,80,122,95,638,600,NO,图书守卫者,15,21,18,UNKNOWN,REFERENCE_ONLY,unverified
3613,古卷匣魔像,普通系/武系,109,109,109,130,86,95,638,552,NO,构装契约者,16,20,18,UNKNOWN,REFERENCE_ONLY,unverified
3614,嗜光嗡嗡,恶系/光系,74,91,91,57,100,92,505,485,NO,血型吸引,15,20,18,UNKNOWN,REFERENCE_ONLY,unverified
3615,窃光蚊,恶系/光系,93,113,113,71,125,115,630,605,NO,血型吸引,15,20,18,UNKNOWN,REFERENCE_ONLY,unverified
3616,不咕钟,机械系/幻系,68,67,68,58,93,76,430,494,NO,整点报时,15,16,18,UNKNOWN,REFERENCE_ONLY,unverified
3617,溯源钟,机械系/幻系,85,84,86,72,116,95,538,618,NO,整点报时,15,16,18,UNKNOWN,REFERENCE_ONLY,unverified
3618,小箱怪,机械系/幻系,111,103,103,122,122,64,625,584,NO,虚假宝箱,16,18,18,UNKNOWN,REFERENCE_ONLY,unverified
3619,迷迷箱怪,机械系/幻系,138,129,129,153,153,80,782,731,NO,虚假宝箱,16,18,18,UNKNOWN,REFERENCE_ONLY,unverified
3620,学院呱呱,武系,132,99,99,92,92,100,614,684,NO,留学生,8,269,18,UNKNOWN,REFERENCE_ONLY,unverified
3659,加油海葵,水系/萌系,93,87,87,102,102,76,547,341,NO,拉拉队长,15,15,18,UNKNOWN,REFERENCE_ONLY,unverified
3660,加油蟹,水系/萌系,116,108,108,128,128,95,683,341,NO,拉拉队长,15,15,18,UNKNOWN,REFERENCE_ONLY,unverified
3675,守夜烛,火系/光系,89,87,94,86,98,84,538,341,NO,光度换算,15,16,18,UNKNOWN,REFERENCE_ONLY,unverified
3676,流明坎德拉,火系/光系,111,109,118,108,123,105,674,341,NO,光度换算,15,16,18,UNKNOWN,REFERENCE_ONLY,unverified
3677,烟花团,火系/毒系,61,35,89,50,78,76,389,341,NO,焰色反应,13,15,18,UNKNOWN,REFERENCE_ONLY,unverified
3678,烟花伯爵,火系/毒系,76,44,111,62,97,95,485,341,NO,焰色反应,13,15,18,UNKNOWN,REFERENCE_ONLY,unverified
3683,咕咕帽,幽系,103,74,72,110,76,80,515,341,NO,魔术帽,15,14,18,UNKNOWN,REFERENCE_ONLY,unverified
3684,咕德帽帽,幽系,128,92,90,137,95,100,642,341,NO,魔术帽,15,14,18,UNKNOWN,REFERENCE_ONLY,unverified
3697,稻草人,萌系/武系,93,70,70,90,90,44,457,341,NO,守望者,15,17,18,UNKNOWN,REFERENCE_ONLY,unverified
3698,稻草守护者,萌系/武系,116,88,88,112,112,55,571,341,NO,守望者,15,17,18,UNKNOWN,REFERENCE_ONLY,unverified
3704,优优,地系/光系,81,35,89,84,104,92,485,341,NO,哨兵,13,13,18,UNKNOWN,REFERENCE_ONLY,unverified
3705,绒光优优,地系/光系,101,43,111,105,130,115,605,341,NO,哨兵,13,13,18,UNKNOWN,REFERENCE_ONLY,unverified
3706,蜜果骸,幽系/草系,92,34,96,68,85,88,463,341,NO,长久保存制法,13,13,18,UNKNOWN,REFERENCE_ONLY,unverified
3707,半朽蜜果灵,幽系/草系,115,43,120,84,106,110,578,341,NO,长久保存制法,13,13,18,UNKNOWN,REFERENCE_ONLY,unverified
3708,小鼓象,机械系,104,86,56,139,64,64,513,341,NO,合拍,13,14,18,UNKNOWN,REFERENCE_ONLY,unverified
3709,巨鼓象,机械系,130,107,70,173,80,80,640,341,NO,合拍,13,14,18,UNKNOWN,REFERENCE_ONLY,unverified
3710,咬咬小子,机械系,102,102,17,48,92,76,437,341,NO,守护之心,13,13,18,UNKNOWN,REFERENCE_ONLY,unverified
3711,胡桃王子,机械系,128,127,21,60,115,95,546,341,NO,守护之心,13,13,18,UNKNOWN,REFERENCE_ONLY,unverified
3718,足尖元件,幻系/机械系,91,40,88,62,96,100,477,341,NO,和弦共振,13,15,18,UNKNOWN,REFERENCE_ONLY,unverified
3719,离心舞者,幻系/机械系,114,50,110,77,120,125,596,341,NO,和弦共振,13,15,18,UNKNOWN,REFERENCE_ONLY,unverified
3729,猴麦仔,普通系/机械系,93,75,121,50,102,88,529,560,NO,换碟,13,18,18,UNKNOWN,REFERENCE_ONLY,unverified
3730,音碟吼,普通系/机械系,116,94,151,63,127,110,661,560,NO,换碟,13,18,18,UNKNOWN,REFERENCE_ONLY,unverified
3733,钨丝贝贝,机械系,62,68,63,78,54,33,358,560,NO,狂欢开始,15,17,18,UNKNOWN,REFERENCE_ONLY,unverified
3734,辉光幕机,机械系,83,91,84,104,72,44,478,560,NO,狂欢开始,15,17,18,UNKNOWN,REFERENCE_ONLY,unverified
3735,机幕方舟,机械系,104,113,105,130,90,55,597,560,NO,狂欢开始,15,17,18,UNKNOWN,REFERENCE_ONLY,unverified
3736,炫光迪迪,电系/光系,83,95,111,52,106,104,551,560,NO,安可,13,13,18,UNKNOWN,REFERENCE_ONLY,unverified
3737,霹雳迪迪,电系/光系,104,119,139,65,133,130,690,560,NO,安可,13,13,18,UNKNOWN,REFERENCE_ONLY,unverified
3740,宝藏小狐,普通系,77,81,33,99,73,80,443,560,NO,博物,13,13,18,UNKNOWN,REFERENCE_ONLY,unverified
3741,宝藏沙狐,普通系,96,101,41,124,91,100,553,560,NO,博物,13,13,18,UNKNOWN,REFERENCE_ONLY,unverified
3742,鸭吉吉,普通系,107,53,125,80,113,100,578,481,NO,挺起胸脯,13,16,18,UNKNOWN,REFERENCE_ONLY,unverified
3744,火红尾,火系,67,56,129,70,89,100,511,341,NO,天通地明,13,14,18,UNKNOWN,REFERENCE_ONLY,unverified
3745,雅丹鬃,火系,83,70,162,88,111,125,639,341,NO,天通地明,13,14,18,UNKNOWN,REFERENCE_ONLY,unverified
3759,苞米仔,草系/火系,86,74,76,84,84,60,464,341,NO,爆裂玉米,15,17,18,UNKNOWN,REFERENCE_ONLY,unverified
3760,炮米花,草系/火系,107,93,95,105,105,75,580,341,NO,爆裂玉米,15,17,18,UNKNOWN,REFERENCE_ONLY,unverified
3777,幽影树,幽系/草系,111,96,96,65,123,80,571,568,NO,小偷小摸,13,14,18,UNKNOWN,REFERENCE_ONLY,unverified
4005,圣水守护,水系,125,67,141,104,145,85,667,667,yes,浪潮,13,14,18,UNKNOWN,REFERENCE_ONLY,unverified
4006,烈火战神,火系,117,175,84,94,72,130,672,672,yes,爆燃,13,14,18,UNKNOWN,REFERENCE_ONLY,unverified
4007,叶冕魔力猫,草系,108,127,127,81,151,55,649,649,yes,深层氧循环,16,17,18,UNKNOWN,REFERENCE_ONLY,unverified
4011,恶魔狼王,恶系,115,121,50,91,63,120,560,560,yes,悼亡,13,15,18,UNKNOWN,REFERENCE_ONLY,unverified
4012,鸭吉吉国王,普通系,136,159,64,79,64,105,607,607,yes,“国王”的威严,13,16,18,UNKNOWN,REFERENCE_ONLY,unverified
4019,蹦蹦果,草系/毒系,100,107,110,73,105,85,580,580,yes,高浓生物碱,16,21,18,UNKNOWN,REFERENCE_ONLY,unverified
4020,千棘海针,水系/毒系,118,32,85,94,133,100,562,562,yes,溶解腐蚀,13,15,18,UNKNOWN,REFERENCE_ONLY,unverified
4021,女王蜂,虫系/翼系,145,50,45,42,42,40,364,364,yes,虫群突袭,16,17,18,UNKNOWN,REFERENCE_ONLY,unverified
4022,奇丽果,草系,112,128,128,133,105,80,686,686,yes,养分内循环,16,17,18,UNKNOWN,REFERENCE_ONLY,unverified
4064,幻影荆棘,幽系/草系,113,96,96,66,125,80,576,576,yes,大捞一笔,15,17,18,UNKNOWN,REFERENCE_ONLY,unverified
4072,迷嶂布莱克,地系,125,139,52,164,154,70,704,704,yes,地脉馈赠,15,14,18,UNKNOWN,REFERENCE_ONLY,unverified
4073,神谕鲨,水系/翼系,90,98,98,105,105,125,621,621,yes,水翼飞升,13,14,18,UNKNOWN,REFERENCE_ONLY,unverified
4074,霜翼领主,翼系,90,142,63,108,74,115,592,592,yes,破空,13,16,18,UNKNOWN,REFERENCE_ONLY,unverified
4078,风暴战犬,火系,85,128,46,101,82,120,562,562,yes,全神贯注,13,13,18,UNKNOWN,REFERENCE_ONLY,unverified
4079,钻石蜗,光系/地系,93,96,101,124,91,65,570,570,yes,完全偏振,14,20,18,UNKNOWN,REFERENCE_ONLY,unverified
4083,黑猫密探,普通系,149,65,143,90,129,70,646,646,yes,先知,13,17,18,UNKNOWN,REFERENCE_ONLY,unverified
4084,祭礼巨像,地系/幻系,106,96,101,115,119,85,622,622,yes,坠星,13,17,18,UNKNOWN,REFERENCE_ONLY,unverified
4085,雪影冰灵,冰系/萌系,130,120,114,66,130,90,650,650,yes,抓到你了,13,17,18,UNKNOWN,REFERENCE_ONLY,unverified
4086,棋契陛下,武系/地系,90,200,91,140,115,125,761,761,yes,御驾亲征,13,17,18,UNKNOWN,REFERENCE_ONLY,unverified
4087,奇梦咪,萌系,81,128,119,123,123,110,684,684,yes,三鼓作气,13,17,18,UNKNOWN,REFERENCE_ONLY,unverified
4088,波普鹿,电系,92,79,21,108,79,120,499,499,yes,超级电池,13,19,18,UNKNOWN,REFERENCE_ONLY,unverified
4089,圣剑骑士,机械系,187,154,148,183,183,65,920,920,yes,宝剑王牌,16,18,18,UNKNOWN,REFERENCE_ONLY,unverified
4090,伊兰龙,龙系,112,91,190,69,99,90,651,651,yes,游弋,13,17,18,UNKNOWN,REFERENCE_ONLY,unverified
4101,暮风隐者,普通系/虫系,105,30,119,105,91,125,575,575,yes,齐鸣,13,17,18,UNKNOWN,REFERENCE_ONLY,unverified
4102,淤泥乌泽,地系/翼系,124,138,58,132,108,95,655,655,yes,强制过滤,13,17,18,UNKNOWN,REFERENCE_ONLY,unverified
5002,彩虹独角兽,光系,99,78,192,77,92,105,643,640,NO,夺目,13,18,18,UNKNOWN,REFERENCE_ONLY,unverified
5025,圣光迪莫,光系,122,84,84,107,107,92,596,667,NO,裁决,19,16,18,UNKNOWN,REFERENCE_ONLY,unverified
5026,圣草迪莫,光系/草系,132,80,80,105,105,92,594,667,NO,滋养,19,16,18,UNKNOWN,REFERENCE_ONLY,unverified
5027,圣火迪莫,光系/火系,120,88,88,105,105,92,598,667,NO,点燃,19,16,18,UNKNOWN,REFERENCE_ONLY,unverified
5028,圣水迪莫,光系/水系,120,80,80,113,113,92,598,667,NO,净化,19,16,18,UNKNOWN,REFERENCE_ONLY,unverified
